CHROM	POS	monovar	sccaller	bulk	monovar_sccaller	monovar_bulk	sccaller_bulk	monovar_sccaller_bulk
8	195117	0	1	0	0	0	0	0
8	196070	0	1	0	0	0	0	0
8	408353	0	1	0	0	0	0	0
8	666057	0	1	0	0	0	0	0
8	1874650	0	1	0	0	0	0	0
8	2021385	0	1	0	0	0	0	0
8	2040293	0	1	0	0	0	0	0
8	2092848	0	1	0	0	0	0	0
8	2832032	0	1	0	0	0	0	0
8	2876038	0	1	0	0	0	0	0
8	2886893	0	1	0	0	0	0	0
8	2887157	0	1	0	0	0	0	0
8	2910223	1	0	0	0	0	0	0
8	2966152	0	1	0	0	0	0	0
8	2966194	0	1	0	0	0	0	0
8	3141823	0	0	2	0	0	0	0
8	3166021	0	1	0	0	0	0	0
8	3253814	0	1	0	0	0	0	0
8	6302082	0	1	0	0	0	0	0
8	6371927	1	0	0	0	0	0	0
8	6372033	1	0	0	0	0	0	0
8	6372177	0	1	0	0	0	0	0
8	6582536	0	1	0	0	0	0	0
8	6794154	0	1	0	0	0	0	0
8	7308622	0	1	0	0	0	0	0
8	8655004	0	1	0	0	0	0	0
8	8998389	0	1	0	0	0	0	0
8	8998644	0	1	0	0	0	0	0
8	8998750	0	1	0	0	0	0	0
8	9414223	0	0	2	0	0	0	0
8	9414228	0	0	2	0	0	0	0
8	9620805	0	1	0	0	0	0	0
8	10102780	0	1	0	0	0	0	0
8	10389105	0	0	1	0	0	0	0
8	10396165	0	1	0	0	0	0	0
8	10411604	0	1	0	0	0	0	0
8	10623338	0	1	0	0	0	0	0
8	10692158	0	1	0	0	0	0	0
8	10981602	0	1	0	0	0	0	0
8	10986346	0	1	0	0	0	0	0
8	11172495	0	0	2	0	0	0	0
8	11418385	1	0	0	0	0	0	0
8	11619334	1	0	0	0	0	0	0
8	11619635	1	0	0	0	0	0	0
8	11689119	1	0	0	0	0	0	0
8	12598359	0	1	0	0	0	0	0
8	12888837	0	1	0	0	0	0	0
8	12968429	0	1	0	0	0	0	0
8	13072177	1	0	0	0	0	0	0
8	13356748	0	1	0	0	0	0	0
8	13356802	1	0	0	0	0	0	0
8	13356819	1	0	0	0	0	0	0
8	13880224	1	0	0	0	0	0	0
8	13948060	0	1	0	0	0	0	0
8	16043667	1	0	0	0	0	0	0
8	16043686	1	0	0	0	0	0	0
8	16043860	0	1	0	0	0	0	0
8	16043913	1	0	0	0	0	0	0
8	16942849	1	0	0	0	0	0	0
8	16963329	1	0	0	0	0	0	0
8	17067462	0	1	0	0	0	0	0
8	17068013	1	0	0	0	0	0	0
8	17129475	0	1	0	0	0	0	0
8	17396415	0	1	0	0	0	0	0
8	17396437	0	1	0	0	0	0	0
8	17400991	0	1	0	0	0	0	0
8	17532606	0	1	0	0	0	0	0
8	17797483	0	1	0	0	0	0	0
8	17797504	0	1	0	0	0	0	0
8	17797826	0	1	0	0	0	0	0
8	17869257	0	1	0	0	0	0	0
8	17919210	0	1	0	0	0	0	0
8	18079531	0	1	0	0	0	0	0
8	18079624	0	1	0	0	0	0	0
8	18079665	0	1	0	0	0	0	0
8	18080451	0	1	0	0	0	0	0
8	18257700	0	1	0	0	0	0	0
8	18393228	0	1	0	0	0	0	0
8	18393272	0	1	0	0	0	0	0
8	18513142	0	1	0	0	0	0	0
8	18632529	0	1	0	0	0	0	0
8	18725535	0	1	0	0	0	0	0
8	19252189	0	1	0	0	0	0	0
8	19263535	0	1	0	0	0	0	0
8	19277735	1	0	0	0	0	0	0
8	19362925	0	1	0	0	0	0	0
8	19363281	0	1	0	0	0	0	0
8	19456802	0	0	1	0	0	0	0
8	19694495	0	1	0	0	0	0	0
8	19804220	0	1	0	0	0	0	0
8	19813667	0	1	0	0	0	0	0
8	19819636	0	1	0	0	0	0	0
8	19819662	0	1	0	0	0	0	0
8	20038466	1	0	0	0	0	0	0
8	20038484	0	0	2	0	0	0	0
8	20038489	0	0	2	0	0	0	0
8	20038590	1	0	0	0	0	0	0
8	20061514	0	1	0	0	0	0	0
8	20070447	0	1	0	0	0	0	0
8	21832191	0	1	0	0	0	0	0
8	21856393	0	1	0	0	0	0	0
8	21856418	0	1	0	0	0	0	0
8	21959080	0	1	0	0	0	0	0
8	21959191	1	0	0	0	0	0	0
8	22273512	0	1	0	0	0	0	0
8	22273580	0	1	0	0	0	0	0
8	22275301	0	1	0	0	0	0	0
8	22380093	0	1	0	0	0	0	0
8	22380278	0	1	0	0	0	0	0
8	22384996	0	1	0	0	0	0	0
8	22431019	0	0	2	0	0	0	0
8	22442661	0	1	0	0	0	0	0
8	22472330	0	1	0	0	0	0	0
8	22472437	0	0	2	0	0	0	0
8	22885925	0	1	0	0	0	0	0
8	22995570	0	1	0	0	0	0	0
8	23003433	0	1	0	0	0	0	0
8	23004596	0	1	0	0	0	0	0
8	23060068	0	1	0	0	0	0	0
8	23069650	0	1	0	0	0	0	0
8	23105586	0	0	2	0	0	0	0
8	23106659	0	1	0	0	0	0	0
8	23146547	0	1	0	0	0	0	0
8	23198408	0	0	1	0	0	0	0
8	23282709	0	1	0	0	0	0	0
8	23292136	1	0	0	0	0	0	0
8	23299556	0	1	0	0	0	0	0
8	23702423	0	1	0	0	0	0	0
8	24188844	1	0	0	0	0	0	0
8	24196898	1	0	0	0	0	0	0
8	24207502	0	1	0	0	0	0	0
8	24253226	0	1	0	0	0	0	0
8	24321446	0	1	0	0	0	0	0
8	25149669	0	1	0	0	0	0	0
8	25159772	0	1	0	0	0	0	0
8	25166385	0	1	0	0	0	0	0
8	25191547	0	1	0	0	0	0	0
8	25220672	0	1	0	0	0	0	0
8	25224530	0	1	0	0	0	0	0
8	25234783	0	1	0	0	0	0	0
8	25234836	0	1	0	0	0	0	0
8	25246639	0	1	0	0	0	0	0
8	25250423	0	1	0	0	0	0	0
8	25261176	0	1	0	0	0	0	0
8	25261281	0	1	0	0	0	0	0
8	25267417	0	1	0	0	0	0	0
8	25317824	0	1	0	0	0	0	0
8	25318126	0	1	0	0	0	0	0
8	25319638	0	1	0	0	0	0	0
8	25708216	0	1	0	0	0	0	0
8	26223926	0	1	0	0	0	0	0
8	26481612	0	1	0	0	0	0	0
8	26481697	1	0	0	0	0	0	0
8	26484121	0	1	0	0	0	0	0
8	26510772	0	0	2	0	0	0	0
8	26614329	0	1	0	0	0	0	0
8	26944004	0	0	1	0	0	0	0
8	26944009	0	0	1	0	0	0	0
8	27097512	0	1	0	0	0	0	0
8	27101279	0	0	2	0	0	0	0
8	27143582	0	1	0	0	0	0	0
8	27288951	0	1	0	0	0	0	0
8	27292164	0	1	0	0	0	0	0
8	27311703	0	1	0	0	0	0	0
8	27369421	0	1	0	0	0	0	0
8	27463866	0	1	0	0	0	0	0
8	27466468	0	1	0	0	0	0	0
8	27685660	0	1	0	0	0	0	0
8	27736977	0	1	0	0	0	0	0
8	27891271	0	1	0	0	0	0	0
8	27925666	0	1	0	0	0	0	0
8	27927141	0	1	0	0	0	0	0
8	27957334	0	1	0	0	0	0	0
8	27967859	0	1	0	0	0	0	0
8	27967963	0	1	0	0	0	0	0
8	27968003	0	1	0	0	0	0	0
8	27995341	0	0	2	0	0	0	0
8	27995388	0	1	0	0	0	0	0
8	28378075	0	1	0	0	0	0	0
8	28385360	0	1	0	0	0	0	0
8	28385365	0	1	0	0	0	0	0
8	28588679	0	1	0	0	0	0	0
8	28600624	0	1	0	0	0	0	0
8	28671013	0	1	0	0	0	0	0
8	28827937	0	1	0	0	0	0	0
8	28866633	0	1	0	0	0	0	0
8	28902885	0	1	0	0	0	0	0
8	28999859	0	1	0	0	0	0	0
8	29003931	0	1	0	0	0	0	0
8	29004080	0	1	0	0	0	0	0
8	29006358	0	1	0	0	0	0	0
8	29007760	0	1	0	0	0	0	0
8	29023301	0	1	0	0	0	0	0
8	29923509	0	1	0	0	0	0	0
8	30335299	0	1	0	0	0	0	0
8	30694348	0	1	0	0	0	0	0
8	30695386	0	1	0	0	0	0	0
8	30702066	0	1	0	0	0	0	0
8	30705365	0	1	0	0	0	0	0
8	30922387	0	1	0	0	0	0	0
8	30938431	0	1	0	0	0	0	0
8	30982461	0	1	0	0	0	0	0
8	30999123	1	0	0	0	0	0	0
8	30999280	1	0	0	0	0	0	0
8	31000012	1	0	0	0	0	0	0
8	31000243	1	0	0	0	0	0	0
8	32599450	0	1	0	0	0	0	0
8	32621506	0	1	0	0	0	0	0
8	33408603	0	1	0	0	0	0	0
8	33408633	0	1	0	0	0	0	0
8	33449508	0	1	0	0	0	0	0
8	35579795	0	1	0	0	0	0	0
8	35616899	0	1	0	0	0	0	0
8	35617002	0	1	0	0	0	0	0
8	35624643	0	1	0	0	0	0	0
8	36694394	1	0	0	0	0	0	0
8	36698320	0	1	0	0	0	0	0
8	36698525	0	1	0	0	0	0	0
8	36767024	1	0	0	0	0	0	0
8	36767145	1	0	0	0	0	0	0
8	36793149	0	1	0	0	0	0	0
8	37601924	0	1	0	0	0	0	0
8	37601989	0	1	0	0	0	0	0
8	37602919	0	1	0	0	0	0	0
8	37604688	0	1	0	0	0	0	0
8	37635344	0	0	1	0	0	0	0
8	38005856	0	1	0	0	0	0	0
8	38137107	0	1	0	0	0	0	0
8	38139045	0	1	0	0	0	0	0
8	38146173	0	1	0	0	0	0	0
8	38178589	0	1	0	0	0	0	0
8	38265081	0	1	0	0	0	0	0
8	38458499	0	1	0	0	0	0	0
8	38697764	0	1	0	0	0	0	0
8	38948757	0	1	0	0	0	0	0
8	39089664	0	0	1	0	0	0	0
8	39131877	0	1	0	0	0	0	0
8	39334875	1	0	0	0	0	0	0
8	39334939	1	0	0	0	0	0	0
8	39468232	0	1	0	0	0	0	0
8	39525558	0	1	0	0	0	0	0
8	39624448	0	1	0	0	0	0	0
8	39806697	0	1	0	0	0	0	0
8	39871048	0	1	0	0	0	0	0
8	40011171	0	1	0	0	0	0	0
8	40554938	0	1	0	0	0	0	0
8	40683220	0	1	0	0	0	0	0
8	41134427	0	1	0	0	0	0	0
8	41297390	0	1	0	0	0	0	0
8	41456642	0	1	0	0	0	0	0
8	41548207	1	0	0	0	0	0	0
8	41548209	1	0	0	0	0	0	0
8	41550261	0	1	0	0	0	0	0
8	41556936	0	1	0	0	0	0	0
8	41557957	0	0	1	0	0	0	0
8	41791163	0	1	0	0	0	0	0
8	41832312	0	1	0	0	0	0	0
8	41835960	0	1	0	0	0	0	0
8	42025059	0	1	0	0	0	0	0
8	42037908	0	1	0	0	0	0	0
8	42045608	0	1	0	0	0	0	0
8	42188669	0	1	0	0	0	0	0
8	42188910	0	1	0	0	0	0	0
8	42206730	0	1	0	0	0	0	0
8	42259628	0	1	0	0	0	0	0
8	42587311	0	1	0	0	0	0	0
8	42587415	0	0	2	0	0	0	0
8	42591509	0	1	0	0	0	0	0
8	42611120	0	1	0	0	0	0	0
8	43046562	0	1	0	0	0	0	0
8	43147955	0	1	0	0	0	0	0
8	48585913	0	1	0	0	0	0	0
8	48612915	0	1	0	0	0	0	0
8	48696449	0	1	0	0	0	0	0
8	48732008	0	1	0	0	0	0	0
8	48749895	0	1	0	0	0	0	0
8	48766543	0	1	0	0	0	0	0
8	48815207	0	1	0	0	0	0	0
8	48824965	0	1	0	0	0	0	0
8	48842395	0	1	0	0	0	0	0
8	48875275	0	1	0	0	0	0	0
8	48962391	0	0	2	0	0	0	0
8	48962398	0	0	2	0	0	0	0
8	51415373	0	1	0	0	0	0	0
8	53055341	0	1	0	0	0	0	0
8	53062358	0	1	0	0	0	0	0
8	53076593	0	1	0	0	0	0	0
8	53085219	0	1	0	0	0	0	0
8	53122643	0	0	2	0	0	0	0
8	53568696	0	1	0	0	0	0	0
8	53570002	0	1	0	0	0	0	0
8	53580549	0	1	0	0	0	0	0
8	53586767	0	1	0	0	0	0	0
8	54147330	0	1	0	0	0	0	0
8	54741975	0	1	0	0	0	0	0
8	55055231	0	1	0	0	0	0	0
8	55533386	0	1	0	0	0	0	0
8	55533447	0	1	0	0	0	0	0
8	55537558	0	1	0	0	0	0	0
8	55538708	0	1	0	0	0	0	0
8	55539598	0	1	0	0	0	0	0
8	55541614	0	1	0	0	0	0	0
8	55542124	0	1	0	0	0	0	0
8	55542900	0	1	0	0	0	0	0
8	55592249	0	1	0	0	0	0	0
8	56048062	0	1	0	0	0	0	0
8	56365866	0	0	1	0	0	0	0
8	56365869	0	0	1	0	0	0	0
8	56911045	0	1	0	0	0	0	0
8	56962845	0	0	2	0	0	0	0
8	57078557	1	0	0	0	0	0	0
8	57079305	0	1	0	0	0	0	0
8	57213924	0	1	0	0	0	0	0
8	57307656	0	1	0	0	0	0	0
8	57389721	0	0	1	0	0	0	0
8	57389728	0	0	1	0	0	0	0
8	57892739	0	0	2	0	0	0	0
8	58094257	0	0	1	0	0	0	0
8	59338578	0	0	2	0	0	0	0
8	59474322	0	1	0	0	0	0	0
8	59498614	0	1	0	0	0	0	0
8	59502567	0	1	0	0	0	0	0
8	59555439	0	1	0	0	0	0	0
8	59555453	0	1	0	0	0	0	0
8	59728330	0	1	0	0	0	0	0
8	59851911	0	1	0	0	0	0	0
8	61178574	0	1	0	0	0	0	0
8	61471544	0	1	0	0	0	0	0
8	61533320	0	1	0	0	0	0	0
8	61654659	0	1	0	0	0	0	0
8	61754453	0	1	0	0	0	0	0
8	61763696	0	1	0	0	0	0	0
8	61769292	0	1	0	0	0	0	0
8	61773524	0	1	0	0	0	0	0
8	61778132	0	1	0	0	0	0	0
8	61850781	0	0	2	0	0	0	0
8	61851102	0	0	2	0	0	0	0
8	61851158	0	0	2	0	0	0	0
8	62003453	1	0	0	0	0	0	0
8	62366920	0	0	2	0	0	0	0
8	62371074	0	1	0	0	0	0	0
8	62438636	0	1	0	0	0	0	0
8	62550634	0	1	0	0	0	0	0
8	62550713	0	1	0	0	0	0	0
8	62555617	0	1	0	0	0	0	0
8	63776179	0	1	0	0	0	0	0
8	63777800	0	1	0	0	0	0	0
8	63939797	0	1	0	0	0	0	0
8	63942588	0	1	0	0	0	0	0
8	64099218	0	1	0	0	0	0	0
8	64099253	0	1	0	0	0	0	0
8	64099563	0	1	0	0	0	0	0
8	64099636	0	1	0	0	0	0	0
8	66516739	0	1	0	0	0	0	0
8	66517507	0	1	0	0	0	0	0
8	66651781	0	1	0	0	0	0	0
8	67062597	0	1	0	0	0	0	0
8	67062749	0	1	0	0	0	0	0
8	67062766	0	1	0	0	0	0	0
8	67563749	0	1	0	0	0	0	0
8	67577398	0	1	0	0	0	0	0
8	67710829	0	1	0	0	0	0	0
8	67897155	0	0	2	0	0	0	0
8	68049733	0	0	2	0	0	0	0
8	68074080	0	1	0	0	0	0	0
8	68130017	0	0	2	0	0	0	0
8	68189561	0	1	0	0	0	0	0
8	68200222	0	1	0	0	0	0	0
8	68208873	0	1	0	0	0	0	0
8	68347024	0	0	2	0	0	0	0
8	68395954	0	1	0	0	0	0	0
8	68658313	0	1	0	0	0	0	0
8	68950469	0	1	0	0	0	0	0
8	69017268	0	1	0	0	0	0	0
8	69031776	0	0	2	0	0	0	0
8	69699667	0	1	0	0	0	0	0
8	70042183	0	0	2	0	0	0	0
8	70042204	0	0	2	0	0	0	0
8	70498676	0	1	0	0	0	0	0
8	70540184	0	1	0	0	0	0	0
8	70550979	0	1	0	0	0	0	0
8	70553030	0	1	0	0	0	0	0
8	70571131	0	1	0	0	0	0	0
8	70571203	0	1	0	0	0	0	0
8	70571347	0	1	0	0	0	0	0
8	70585325	0	1	0	0	0	0	0
8	70967607	1	0	0	0	0	0	0
8	70967727	1	0	0	0	0	0	0
8	70971116	0	1	0	0	0	0	0
8	71012819	0	1	0	0	0	0	0
8	71040751	0	1	0	0	0	0	0
8	71044243	0	1	0	0	0	0	0
8	71053406	0	1	0	0	0	0	0
8	71053577	0	1	0	0	0	0	0
8	71056888	0	1	0	0	0	0	0
8	71075111	0	1	0	0	0	0	0
8	71075838	0	1	0	0	0	0	0
8	71078827	0	1	0	0	0	0	0
8	71126158	0	1	0	0	0	0	0
8	71553260	0	1	0	0	0	0	0
8	71572901	0	1	0	0	0	0	0
8	71573234	0	1	0	0	0	0	0
8	71593403	0	1	0	0	0	0	0
8	72123253	0	1	0	0	0	0	0
8	72181863	0	1	0	0	0	0	0
8	72229838	0	1	0	0	0	0	0
8	72975825	0	1	0	0	0	0	0
8	73480124	0	0	2	0	0	0	0
8	73480141	0	1	0	0	0	0	0
8	74171747	0	1	0	0	0	0	0
8	74233163	0	1	0	0	0	0	0
8	74235217	0	1	0	0	0	0	0
8	74235300	0	1	0	0	0	0	0
8	74334926	0	1	0	0	0	0	0
8	74650576	0	1	0	0	0	0	0
8	74706157	0	1	0	0	0	0	0
8	75516429	0	0	2	0	0	0	0
8	75516446	0	0	2	0	0	0	0
8	75664721	0	1	0	0	0	0	0
8	76456099	0	0	2	0	0	0	0
8	76476264	0	1	0	0	0	0	0
8	76476278	0	1	0	0	0	0	0
8	77618563	0	1	0	0	0	0	0
8	77690354	0	1	0	0	0	0	0
8	77746365	0	1	0	0	0	0	0
8	77764718	0	1	0	0	0	0	0
8	77765862	0	1	0	0	0	0	0
8	77767586	0	1	0	0	0	0	0
8	77768041	0	1	0	0	0	0	0
8	77768109	0	1	0	0	0	0	0
8	77896147	0	1	0	0	0	0	0
8	79629581	0	1	0	0	0	0	0
8	80549272	0	1	0	0	0	0	0
8	80965754	0	1	0	0	0	0	0
8	81411849	0	1	0	0	0	0	0
8	81431747	0	1	0	0	0	0	0
8	81897421	0	1	0	0	0	0	0
8	81897516	0	1	0	0	0	0	0
8	81897588	0	1	0	0	0	0	0
8	81905397	0	1	0	0	0	0	0
8	82547558	0	1	0	0	0	0	0
8	82547623	0	1	0	0	0	0	0
8	82592912	0	1	0	0	0	0	0
8	82715279	0	1	0	0	0	0	0
8	84114094	0	0	2	0	0	0	0
8	85686901	0	1	0	0	0	0	0
8	85686937	0	0	2	0	0	0	0
8	86121510	0	1	0	0	0	0	0
8	86126776	0	1	0	0	0	0	0
8	86245755	0	1	0	0	0	0	0
8	86250755	0	1	0	0	0	0	0
8	86254061	0	1	0	0	0	0	0
8	86360515	0	1	0	0	0	0	0
8	86360542	0	1	0	0	0	0	0
8	87151811	0	1	0	0	0	0	0
8	87464856	0	1	0	0	0	0	0
8	87498747	0	1	0	0	0	0	0
8	87519542	1	0	0	0	0	0	0
8	87590946	0	1	0	0	0	0	0
8	87680420	0	1	0	0	0	0	0
8	88296991	0	1	0	0	0	0	0
8	88621962	0	1	0	0	0	0	0
8	88885526	0	1	0	0	0	0	0
8	88886048	0	1	0	0	0	0	0
8	90922104	1	0	0	0	0	0	0
8	90936913	0	1	0	0	0	0	0
8	90955557	0	1	0	0	0	0	0
8	90971059	0	1	0	0	0	0	0
8	91027675	0	1	0	0	0	0	0
8	91027759	0	1	0	0	0	0	0
8	91075637	0	1	0	0	0	0	0
8	92007993	0	1	0	0	0	0	0
8	92382175	0	1	0	0	0	0	0
8	92982840	0	1	0	0	0	0	0
8	92982843	0	1	0	0	0	0	0
8	93074989	0	1	0	0	0	0	0
8	93088399	0	1	0	0	0	0	0
8	94720226	0	1	0	0	0	0	0
8	94752426	0	1	0	0	0	0	0
8	94752571	0	1	0	0	0	0	0
8	94767295	0	1	0	0	0	0	0
8	94777789	0	1	0	0	0	0	0
8	94784770	0	1	0	0	0	0	0
8	94800284	0	1	0	0	0	0	0
8	94816991	0	1	0	0	0	0	0
8	95140476	0	1	0	0	0	0	0
8	95174297	0	1	0	0	0	0	0
8	95399045	1	0	0	0	0	0	0
8	95412543	0	1	0	0	0	0	0
8	95448853	0	1	0	0	0	0	0
8	95501062	0	1	0	0	0	0	0
8	95521952	0	1	0	0	0	0	0
8	95538420	0	1	0	0	0	0	0
8	95538516	0	1	0	0	0	0	0
8	95543256	0	1	0	0	0	0	0
8	95543325	0	1	0	0	0	0	0
8	95550550	0	1	0	0	0	0	0
8	95658270	1	0	0	0	0	0	0
8	95840176	0	0	2	0	0	0	0
8	95854677	0	1	0	0	0	0	0
8	95944294	0	1	0	0	0	0	0
8	95953068	0	1	0	0	0	0	0
8	96166595	0	1	0	0	0	0	0
8	96264511	0	1	0	0	0	0	0
8	97316222	0	1	0	0	0	0	0
8	98827588	0	1	0	0	0	0	0
8	98831577	0	1	0	0	0	0	0
8	98865926	0	1	0	0	0	0	0
8	99047944	0	1	0	0	0	0	0
8	99105535	0	1	0	0	0	0	0
8	99118622	0	1	0	0	0	0	0
8	99149041	0	1	0	0	0	0	0
8	99719221	0	1	0	0	0	0	0
8	100026230	0	0	2	0	0	0	0
8	100520177	0	1	0	0	0	0	0
8	100821594	0	1	0	0	0	0	0
8	100865777	0	1	0	0	0	0	0
8	101051326	0	1	0	0	0	0	0
8	101154246	0	1	0	0	0	0	0
8	101196898	0	1	0	0	0	0	0
8	101203638	0	1	0	0	0	0	0
8	101206604	0	1	0	0	0	0	0
8	101251449	0	1	0	0	0	0	0
8	101252792	0	1	0	0	0	0	0
8	101252860	0	1	0	0	0	0	0
8	101299928	0	1	0	0	0	0	0
8	101601094	0	1	0	0	0	0	0
8	101622422	1	0	0	0	0	0	0
8	101625286	0	1	0	0	0	0	0
8	101629874	0	1	0	0	0	0	0
8	101936466	0	1	0	0	0	0	0
8	102611350	0	1	0	0	0	0	0
8	102611444	0	1	0	0	0	0	0
8	102678995	0	1	0	0	0	0	0
8	102701327	0	1	0	0	0	0	0
8	102701340	0	1	0	0	0	0	0
8	102731658	0	1	0	0	0	0	0
8	102731937	0	1	0	0	0	0	0
8	103237286	0	1	0	0	0	0	0
8	103291217	0	1	0	0	0	0	0
8	103662463	0	1	0	0	0	0	0
8	103841678	0	1	0	0	0	0	0
8	103851180	0	1	0	0	0	0	0
8	104076903	0	0	1	0	0	0	0
8	104225053	0	1	0	0	0	0	0
8	104778427	0	1	0	0	0	0	0
8	104922597	0	0	2	0	0	0	0
8	104928609	0	1	0	0	0	0	0
8	104955056	0	1	0	0	0	0	0
8	104955108	0	1	0	0	0	0	0
8	104955139	0	1	0	0	0	0	0
8	105436627	0	1	0	0	0	0	0
8	105503546	0	1	0	0	0	0	0
8	105503657	0	1	0	0	0	0	0
8	105907833	0	1	0	0	0	0	0
8	106258388	0	1	0	0	0	0	0
8	106814048	0	1	0	0	0	0	0
8	107709779	0	1	0	0	0	0	0
8	107709824	0	0	2	0	0	0	0
8	107709826	0	0	2	0	0	0	0
8	107709912	0	1	0	0	0	0	0
8	107709951	0	1	0	0	0	0	0
8	107773172	0	1	0	0	0	0	0
8	107782559	0	1	0	0	0	0	0
8	109226907	0	1	0	0	0	0	0
8	109248610	0	1	0	0	0	0	0
8	109796841	0	1	0	0	0	0	0
8	110326037	0	1	0	0	0	0	0
8	110401305	0	1	0	0	0	0	0
8	110477101	0	1	0	0	0	0	0
8	110530483	0	1	0	0	0	0	0
8	110575696	0	1	0	0	0	0	0
8	110980898	0	1	0	0	0	0	0
8	110984844	0	1	0	0	0	0	0
8	113504696	0	0	2	0	0	0	0
8	113933810	0	0	2	0	0	0	0
8	116616452	0	1	0	0	0	0	0
8	117783975	0	1	0	0	0	0	0
8	117798822	0	1	0	0	0	0	0
8	117864088	0	1	0	0	0	0	0
8	117864294	0	1	0	0	0	0	0
8	117867245	0	1	0	0	0	0	0
8	118843829	0	1	0	0	0	0	0
8	118843885	0	1	0	0	0	0	0
8	118843949	0	1	0	0	0	0	0
8	119945594	0	1	0	0	0	0	0
8	120079541	0	1	0	0	0	0	0
8	120118440	0	1	0	0	0	0	0
8	120599461	0	1	0	0	0	0	0
8	120844915	0	1	0	0	0	0	0
8	121180457	0	1	0	0	0	0	0
8	121239041	0	1	0	0	0	0	0
8	121240852	0	1	0	0	0	0	0
8	121240887	0	1	0	0	0	0	0
8	121354803	0	1	0	0	0	0	0
8	121357485	0	1	0	0	0	0	0
8	121408198	0	0	2	0	0	0	0
8	121432120	0	1	0	0	0	0	0
8	121500526	0	1	0	0	0	0	0
8	121583516	0	1	0	0	0	0	0
8	121667157	0	1	0	0	0	0	0
8	122626824	0	1	0	0	0	0	0
8	122626935	0	1	0	0	0	0	0
8	122629324	0	1	0	0	0	0	0
8	123964340	0	1	0	0	0	0	0
8	124094989	0	1	0	0	0	0	0
8	124140458	0	1	0	0	0	0	0
8	124195025	0	1	0	0	0	0	0
8	124232367	0	1	0	0	0	0	0
8	124267666	0	1	0	0	0	0	0
8	124350087	0	0	2	0	0	0	0
8	124357370	0	1	0	0	0	0	0
8	124375666	1	0	0	0	0	0	0
8	124658109	0	1	0	0	0	0	0
8	124749548	0	1	0	0	0	0	0
8	124787743	0	1	0	0	0	0	0
8	124787756	0	1	0	0	0	0	0
8	124789518	0	1	0	0	0	0	0
8	124810631	0	0	2	0	0	0	0
8	124985780	0	1	0	0	0	0	0
8	124988160	0	1	0	0	0	0	0
8	125015256	0	1	0	0	0	0	0
8	125015404	0	1	0	0	0	0	0
8	125058074	0	1	0	0	0	0	0
8	125083935	0	1	0	0	0	0	0
8	125094376	0	1	0	0	0	0	0
8	125131930	0	1	0	0	0	0	0
8	125464035	0	1	0	0	0	0	0
8	125464354	0	1	0	0	0	0	0
8	125499225	0	1	0	0	0	0	0
8	125506207	0	1	0	0	0	0	0
8	125520640	0	1	0	0	0	0	0
8	125877548	0	1	0	0	0	0	0
8	125990095	0	1	0	0	0	0	0
8	126071520	0	1	0	0	0	0	0
8	126087285	0	1	0	0	0	0	0
8	126448403	0	1	0	0	0	0	0
8	130764267	0	1	0	0	0	0	0
8	130775039	0	1	0	0	0	0	0
8	130777785	0	1	0	0	0	0	0
8	130863060	0	1	0	0	0	0	0
8	130883578	0	1	0	0	0	0	0
8	131066988	0	1	0	0	0	0	0
8	131124574	0	1	0	0	0	0	0
8	131129002	0	1	0	0	0	0	0
8	131165086	1	0	0	0	0	0	0
8	131226893	0	1	0	0	0	0	0
8	131792904	0	1	0	0	0	0	0
8	131793157	0	1	0	0	0	0	0
8	131964070	0	1	0	0	0	0	0
8	132971815	0	1	0	0	0	0	0
8	132991181	0	1	0	0	0	0	0
8	133056766	0	1	0	0	0	0	0
8	133092120	0	1	0	0	0	0	0
8	133142251	0	1	0	0	0	0	0
8	133152498	0	1	0	0	0	0	0
8	133806776	0	1	0	0	0	0	0
8	133806821	0	1	0	0	0	0	0
8	133844564	0	1	0	0	0	0	0
8	133880330	0	1	0	0	0	0	0
8	133909936	0	1	0	0	0	0	0
8	133975172	0	1	0	0	0	0	0
8	133984210	0	1	0	0	0	0	0
8	134144097	0	1	0	0	0	0	0
8	134144401	0	1	0	0	0	0	0
8	134145779	0	1	0	0	0	0	0
8	134260167	0	1	0	0	0	0	0
8	134262692	0	1	0	0	0	0	0
8	134296374	0	1	0	0	0	0	0
8	134472034	0	1	0	0	0	0	0
8	135577379	0	1	0	0	0	0	0
8	135577414	0	1	0	0	0	0	0
8	135622827	0	1	0	0	0	0	0
8	135649793	0	1	0	0	0	0	0
8	136619467	0	1	0	0	0	0	0
8	136874668	0	1	0	0	0	0	0
8	139207628	0	1	0	0	0	0	0
8	139631814	0	1	0	0	0	0	0
8	139691909	0	1	0	0	0	0	0
8	139727887	0	1	0	0	0	0	0
8	141559358	1	0	0	0	0	0	0
8	141685553	0	1	0	0	0	0	0
8	141772366	0	1	0	0	0	0	0
8	141810541	0	0	2	0	0	0	0
8	141829173	0	1	0	0	0	0	0
8	142160404	0	1	0	0	0	0	0
8	142161842	0	1	0	0	0	0	0
8	142175487	0	1	0	0	0	0	0
8	142177994	0	1	0	0	0	0	0
8	142202856	1	0	0	0	0	0	0
8	142203033	0	1	0	0	0	0	0
8	142266734	0	1	0	0	0	0	0
8	143602118	0	1	0	0	0	0	0
8	143867019	0	1	0	0	0	0	0
8	143955829	0	1	0	0	0	0	0
8	143960730	0	1	0	0	0	0	0
8	143999201	0	1	0	0	0	0	0
8	143999298	0	1	0	0	0	0	0
8	144000975	1	0	0	0	0	0	0
8	144001011	1	0	0	0	0	0	0
8	144032387	1	0	0	0	0	0	0
8	144126064	0	1	0	0	0	0	0
8	144809060	0	0	2	0	0	0	0
8	144900394	0	1	0	0	0	0	0
8	144918360	0	0	2	0	0	0	0
8	144940331	0	0	2	0	0	0	0
8	144990742	0	0	2	0	0	0	0
8	145057890	0	0	2	0	0	0	0
8	145113566	0	1	0	0	0	0	0
8	145275524	0	1	0	0	0	0	0
8	145535730	0	0	2	0	0	0	0
8	145541235	0	1	0	0	0	0	0
8	145579629	0	0	2	0	0	0	0
8	145662205	0	1	0	0	0	0	0
8	145667524	0	1	0	0	0	0	0
8	145745200	0	1	0	0	0	0	0
8	145773877	0	1	0	0	0	0	0
8	145947144	0	1	0	0	0	0	0
8	145999603	0	1	0	0	0	0	0
8	146071453	0	1	0	0	0	0	0
8	146076680	0	1	0	0	0	0	0
8	146076840	0	1	0	0	0	0	0
8	146115248	0	1	0	0	0	0	0
8	146157500	0	1	0	0	0	0	0
8	146157868	0	1	0	0	0	0	0
8	146221936	0	0	1	0	0	0	0
